	region	position	strand	T_native_wt1	T_corrected_wt1	depth_stranded_wt1	Tfreq_native_wt1	Tfreq_corrected_wt1	T_native_wt4	T_corrected_wt4	depth_stranded_wt4	Tfreq_native_wt4	Tfreq_corrected_wt4	cov_wt1	cov_wt2	cov_wt3	isvar_wt1	isvar_wt2	isvar_wt3	issnp	Tfreq_mean
5478	chrX	154508491	-	41.0	22.0	106.0	0.3867924528301887	0.2075471698113207						126	220	107	0	0	0	0	0.2075471698113207
4327	chr5	163442389	+	90.0	38.0	172.0	0.5232558139534884	0.2209302325581395	57.0	24.0	128.0	0.4453125	0.1875	1053	1352	1210	0	0	0	0	0.20421511627906974
1169	chr11	74247102	+	24.0	14.0	69.0	0.3478260869565217	0.2028985507246377						129	219	149	0	0	0	0	0.2028985507246377
6396	chr21	8435823	+						81.0	20.0	102.0	0.7941176470588235	0.196078431372549	0	0	0	0	0	0	0	0.196078431372549
2767	chr19	6440891	-	24.0	11.0	58.0	0.4137931034482758	0.1896551724137931						49	116	61	0	0	0	0	0.1896551724137931
5495	chrY	305038	-	32.0	10.0	56.0	0.5714285714285714	0.1785714285714285						0	0	0	0	0	0	0	0.1785714285714285
3545	chr21	6452184	-	29.0	17.0	97.0	0.2989690721649484	0.1752577319587628						2	8	1	0	0	0	0	0.1752577319587628
6385	chr21	8211805	+						42.0	18.0	106.0	0.3962264150943396	0.1698113207547169	0	0	0	0	0	0	0	0.1698113207547169
1397	chr12	75506820	-	42.0	11.0	65.0	0.6461538461538462	0.1692307692307692						382	492	383	0	0	0	0	0.1692307692307692
2858	chr19	16646930	-	45.0	13.0	78.0	0.5769230769230769	0.1666666666666666						170	314	175	0	0	0	0	0.1666666666666666
